Model,AUC-ROC
Logistic Regression,0.496541275168476
Random Forest,0.8961085657391021
XGBoost,0.8476736378676331
